source,contact_person,title,phone,website,email,address
https://www.allbiz.com/business/take-a-break-liquor-513-825-2339,Ni- Manager Sam,Manager,(513) 825-2339,takeabreakliquor.business.site,,"10976 Hamilton Ave, Cincinnati, OH 45231, USA"
https://www.allbiz.com/business/delaware-market_1H-740-369-4171,Jason Gunsorek,incorporator,(740) 369-4171,www.bp.com,,"17 E William St, Delaware, OH 43015, USA"
https://www.allbiz.com/business/circle-v-food-mart-614-275-4660,Nehad Nofal,Incorporator,(614) 275-4660,,,"2124 W Mound St, Columbus, OH 43223"
https://www.allbiz.com/business/save-a-lot_763f-740-353-2550,Michelle Charles,Manager,(740) 353-2550,savealot.com,michelle.charles@save-a-lot.com,"2507 Gallia St, Portsmouth, OH 45662"
https://www.allbiz.com/business/factory-drive-thru-937-431-3813,Martha Reagan,Principal,(937) 431-3813,www.bhhsprocommercial.com,factoryroaddrivethru@gmail.com,"2508 Richmar Dr, Beavercreek, OH 45434, USA"
https://www.allbiz.com/business/parkville-market_1o-614-890-1887,Abdul Hakim,Owner,(614) 890-1887,reeceandnichols.com,,"5705 Parkville St, Columbus, OH 43229, USA"
https://www.allbiz.com/business/wine-reserve_5g-330-562-1850,Jeff Hurt,Principal,(330) 562-1850,www.wineinnovations.com,,"1029 N Aurora Rd, Aurora, OH 44202"
https://www.allbiz.com/business/livingston-market_9z-614-257-1745,Khliq Abdul,,(614) 257-1745,www.marathon.com,,"1619 E Livingston Ave, Columbus, OH 43205, USA"
https://www.allbiz.com/business/basra-llc,Contact Basra LLC,,,mybpstation.com,,"3001 Kettering Blvd, Moraine, OH 45439"
https://www.allbiz.com/business/street-corner-market-at-the-banks-513-421-1414,Madeson Sebastian,,(513) 421-1414,www.streetcornerbanks.com,info@streetcornerbanks.com,"160 Walnut St, Cincinnati, OH 45202"
https://www.allbiz.com/business/madison-convenience-216-521-9860,Youses Nijem,Owner,(216) 521-9860,,,"15019 Madison Ave, Lakewood, OH 44107"
https://www.allbiz.com/business/smokers-outpost_3Z-937-610-1111,Smith Terry,Owner,(937) 610-1111,www.closedsundays.net,,"6067 Brandt Pike, Huber Heights, OH 45424, USA"
https://www.allbiz.com/business/shell_48I-513-631-6200,Seymour Shell,Principal,(513) 631-6200,find.shell.com,shell@ftfarfan.com,"1900 E Seymour Ave, Cincinnati, OH 45237, USA"
https://www.allbiz.com/business/shurfast-food-mart_1U-740-942-4900,Charlotte Jones,Co-Owner,(740) 942-4900,shurfast.com,,"217 E Market St, Cadiz, OH 43907, USA"
https://www.allbiz.com/business/beverage-drive-thru-740-797-4912,Bill Jewell,Owner,(740) 797-4912,,,"129 N Plains Rd, The Plains, OH 45780, USA"
https://www.allbiz.com/business/john-b-baren-lisw-937-321-7072,Baren John,,(937) 321-7072,,,"Washington Township, OH 45458"
https://www.allbiz.com/business/siteone-landscape-supply_529V-937-866-4252,Contact SiteOne Landscape Supply,,(937) 866-4252,www.siteone.com,,730 Royal Ridge Dr
https://www.allbiz.com/business/kimble-machines-inc-419-485-8449,Jodi Craig,General Manager,(419) 485-8449,www.kimblemachines.com,decraig@williams-net.com,"124 S Jonesville St, Montpelier, OH 43543, USA"
https://www.allbiz.com/business/star-carryout-614-297-1688,Sukhbir Choubhary,President,(614) 297-1688,startribune.com,,"1565 N 4th St, Columbus, OH 43201, USA"
https://www.allbiz.com/business/village-grocery_76c-513-831-9500,Rhea Scott,Owner,(513) 831-9500,www.urbanspoon.com,villagegrocery@ymail.com,"385 Loveland-Miamiville Rd, Loveland, OH 45140"
https://www.allbiz.com/business/scutch-drive-thru-419-981-2497,Judith Shannon,Partner,(419) 981-2497,,,"235 OH-53, McCutchenville, OH 44844, USA"
https://www.allbiz.com/business/parma-gas-food-mart-216-459-1121,Don Sposit,Principal,(216) 459-1121,www.valero.com,customerservice@clarkbrands.com,"5874 Broadview Rd, Cleveland, OH 44134, USA"
https://www.allbiz.com/business/marathon-gas_41c-330-644-3100,Larry Kane,President,(330) 644-3100,mymarathonstation.com,,"3142 S Main St, Akron, OH 44319"
https://www.allbiz.com/business/seaway-market-place-of-toledo-419-243-1000,Steve Fuller,Owner,(419) 243-1000,seawaymarketplace.com,fuller77@juno.com,"1707 Cherry St, Toledo, OH 43608"
https://www.allbiz.com/business/fountain-city-ice-house-419-636-5097,Kirk E. Yosick,Registered Agent,(419) 636-5097,www.urbanspoon.com,,"110 W Mulberry St, Bryan, OH 43506, USA"
https://www.allbiz.com/business/giant-eagle_302S-330-633-7088,Kim Speedy,Pharmacist Manager Pharmac,(330) 633-7088,www.gianteagle.com,kim.speedy@gianteagle.com,"205 West Ave, Tallmadge, OH 44278"
https://www.allbiz.com/business/seven-hills-sunoco-513-742-5419,Ghassan Abuhilal,President,(513) 742-5419,www.sunoco.com,m_abuhilal85@hotmail.com,"10960 Hamilton Ave, Cincinnati, OH 45231, USA"
https://www.allbiz.com/business/strongsville-deli-stop_1k-440-268-9701,Sandra Stevers,Principal,(440) 268-9701,www.strongnet.org,,"20942 Drake Rd, Strongsville, OH 44149, USA"
https://www.allbiz.com/business/wayside-market_15y-330-769-2451,Patrick R. Hewitt,President,(330) 769-2451,www.gasbuddy.com,phewitt@hewittenterprises.com,"190 Center St, Seville, OH 44273"
https://www.allbiz.com/business/avenue-market-and-deli-craft-beer-wine-330-628-1297,Ron Hutchkiss,President,(330) 628-1297,avenue-market-and-deli.business.site,,"1514, 75 S Cleveland Ave, Mogadore, OH 44260"
https://www.allbiz.com/business/southside-wolfies-419-422-5450,Shawn Lalji,Owner,(419) 422-5450,www.southside6.com,so@southside6.com,"546 6th St, Findlay, OH 45840, USA"
https://www.allbiz.com/business/buck-creek-carry-out-937-390-3882,Sharon Eldridge,Owner,(937) 390-3882,,buckcreekcarryout@yahoo.com,"3001 Mechanicsburg Rd, Springfield, OH 45503"
https://www.allbiz.com/business/k-carryout-419-420-0687,Jackie Gerten,Manager,(419) 420-0687,mymarathonstation.com,5kcarryout@gmail.com,"1790 E Melrose Ave, Findlay, OH 45840, USA"
https://www.allbiz.com/business/mr-cs-food-mart-deli-216-451-8393,Robert Carlis,President,(216) 451-8393,www.convenientfoodmart.com,wally_philed@convenientfoodmart.com,"12615 Shaw Ave, Cleveland, OH 44108"
https://www.allbiz.com/business/anna-market,Contact Anna Market,,,,,"1220 E Anaheim St, Long Beach, CA 90813, USA"
https://www.allbiz.com/business/drays-carryout-937-325-2208,Valerie Robinson,Principal,(937) 325-2208,,,"1503 Mound St, Springfield, OH 45505"
https://www.allbiz.com/business/valley-view-service-station_43-740-679-2507,Sandra Gossett,Owner,(740) 679-2507,,,"22984 Leatherwood Rd, Quaker City, OH 43773"
https://www.allbiz.com/business/wild-wings-campground-marina_2p-419-898-3454,J. Daniel Pfahl,Secretary,(419) 898-3454,wwcampgroundandmarina.com,daniel@wildwings.com,"6395 N Russell Rd, Oak Harbor, OH 43449"
https://www.allbiz.com/business/shermer-specialties_2q,Contact Shermer Specialties,,,www.ruttledg.com,,"700 W Pete Rose Way # 20, Cincinnati, OH 45203"
https://www.allbiz.com/business/dairy-family-614-294-0544,Iqbal Nasir,Owner,(614) 294-0544,www.uhaul.com,tickets@uhaul.com,"184 W 5th Ave, Columbus, OH 43201, USA"
https://www.allbiz.com/business/verity-food-mart-llc-513-217-6013,Yash Pal,Principal,(513) 217-6013,www.gasbuddy.com,,"435 N Verity Pkwy, Middletown, OH 45042"
https://www.allbiz.com/business/plum-food-mart-937-325-1286,Patel Natvar,Manager,(937) 325-1286,plum-food-mart-inc-oh.hub.biz,,"1140 N Plum St, Springfield, OH 45504"
https://www.allbiz.com/business/southside-carryout_4s-740-982-2045,Howard Wheeler,Partner,(740) 982-2045,,,"5230 Ceramic Rd, Crooksville, OH 43731, USA"
https://www.allbiz.com/business/b-m-bar-b-que_2C-216-475-8720,Sonya Beckham,Principal,(216) 475-8720,gotribs.net,bandmbarbqcatering@gmail.com,"21921 Miles Rd, North Randall, OH 44128"
https://www.allbiz.com/business/yeti-vape-cleveland-north-royalton-855-938-4827,Stephen Haag,,(855) 938-4827,www.yetivape.com,info@yetivape.com,"9253 W Sprague Rd, North Royalton, OH 44133"
https://www.allbiz.com/business/buehlers-fresh-foods-portage-lakes-330-644-6646,Michael Buehler,Branch Manager,(330) 644-6646,www.buehlers.com,comments@buehlers.com,"4045 S Main St, Akron, OH 44319, USA"
https://www.allbiz.com/business/walnut-carryout-419-243-7135,Emile Alzhazzawe,Principal,(419) 243-7135,www.urbanspoon.com,,"832 Walnut St #202, Toledo, OH 43604, USA"
https://www.allbiz.com/business/inns-of-distinction_2H,Contact Inns of Distinction,,,www.innsofdistinction.com,,"330 Brintons Bridge Rd, West Chester, PA 19382"
https://www.allbiz.com/business/lancaster-deli-liquor-661-206-9705,Matanious Nick,Owner,(661) 206-9705,www.urbanspoon.com,,"42212 10th St W # 10B, Lancaster, CA 93534"
https://www.allbiz.com/business/roderos-liquor-store-818-362-3604,Michael Dorgalli,Owner,(818) 362-3604,,,"14637 Hubbard St, Sylmar, CA 91342"
https://www.allbiz.com/business/coreys-liquor-store-619-281-3482,Thomas Dahl,Owner,(619) 281-3482,coreys-liquor-store.hub.biz,,"2316, 3605 University Ave, San Diego, CA 92104, USA"
https://www.allbiz.com/business/lucky-liquors_1D-408-946-8485,Nguyen Quyet,Owner,(408) 946-8485,,,"63 S Abbott Ave, Milpitas, CA 95035, USA"
https://www.allbiz.com/business/tip-top-liquors_16-408-294-3993,Gurdial Singh,Owner,(408) 294-3993,,,"439 S Bascom Ave, San Jose, CA 95128, USA"
https://www.allbiz.com/business/shand-import-llc-626-441-4706,Peter Currie,,(626) 441-4706,www.shandimportllc.com,info@shandimportllc.com,"1020H Mission St, South Pasadena, CA 91030"
https://www.allbiz.com/business/big-time-market-liquor_1X-619-470-0289,John Dow,,(619) 470-0289,www.bigtimemarketandliquor.com,contact@bigtimemarketandliquor.com,"2101 Saipan Dr, San Diego, CA 92139"
https://www.allbiz.com/business/spring-liquor-619-670-4622,Bashar Rahim Hanish,Owner,(619) 670-4622,,,"3509 Sweetwater Springs Blvd # 4, Spring Valley, CA 91978"
https://www.allbiz.com/business/riviera-liquor-house-619-224-7200,Michael Antwan,President,(619) 224-7200,,mantwan1957@yahoo.com,"4114 W Point Loma Blvd, San Diego, CA 92110, USA"
https://www.allbiz.com/business/anheuser-busch-companies-llc_37S-818-906-1242,Gianino Michael,Director,(818) 906-1242,www.anheuser-busch.com,,16830 Ventura Blvd
https://www.allbiz.com/business/miraleste-liquor-deli-310-833-6300,You Chan Kwon,Owner,(310) 833-6300,miralestehair.com,juliebiggshair@gmail.com,"29-34 Miraleste Plaza, Rancho Palos Verdes, CA 90275"
https://www.allbiz.com/business/brown-bag-deli_631-614-443-4214,Merkle Molly,Owner,(614) 443-4214,thebrownbaggv.com,mollymerkle@brownbagdeli.com,"898 Mohawk St, Columbus, OH 43206, USA"
https://www.allbiz.com/business/bonanza-liquor-market-661-287-0175,James Lee,Owner,(661) 287-0175,bonanzaliquormarket.com,bonanzaliquormarket@gmail.com,"24301 Main St, Newhall, CA 91321, USA"
https://www.allbiz.com/business/evershine-liquor-559-819-8116,Navneet Brar,Principal,(559) 819-8116,evershine-liquor.hub.biz,,"9762, 9942 Manning Ave, Selma, CA 93662, USA"
https://www.allbiz.com/business/leens-carry-out-bait-937-342-9102,Vince Leen,Owner,(937) 342-9102,,,"2447 Mechanicsburg Rd, Springfield, OH 45503, USA"
https://www.allbiz.com/business/broadway-liquor-store_33-619-422-6042,Fauci Vorh,Owner,(619) 422-6042,broadwayliquorsperu.com,,"151 Broadway, Chula Vista, CA 91910"
https://www.allbiz.com/business/bubbles-liquor-626-968-2516,Joe Diab,Partner,(626) 968-2516,www.haciendaheightsrealestate-ca.com,,"15608 Gale Ave, Hacienda Heights, CA 91745"
https://www.allbiz.com/business/broadway-liquor_1J-415-398-3484,Mike Mezhibovsky,Partner,(415) 398-3484,www.broadway-liquors.com,mmezhibovsky@broadway-liquors.com,"460 Broadway, San Francisco, CA 94133, USA"
https://www.allbiz.com/business/princessa-liquor-323-587-0315,Louie Nader,Principal,(323) 587-0315,,,"3043 E Gage Ave, Huntington Park, CA 90255, USA"
https://www.allbiz.com/business/lafayette-food-liquor-408-241-4156,Arun Kalra,Principal,(408) 241-4156,www.californialiquor.com,taranjitsaggi4@yahoo.com,"1670 Lafayette St, Santa Clara, CA 95050, USA"
https://www.allbiz.com/business/alpine-discount-liquor-619-445-4462,Hani Garmo,Owner,(619) 445-4462,alpinebeerco.com,info@cwspirits.com,"2223 Alpine Blvd, Alpine, CA 91901, USA"
https://www.allbiz.com/business/la-paz-liquor_1l-818-842-1500,Roh Daniel,Owner,(818) 842-1500,,,"4101 W Magnolia Blvd, Burbank, CA 91505, USA"
https://www.allbiz.com/business/arrow-liquor-mart-909-599-2287,Sam Buttar,Owner,(909) 599-2287,,,"700 Arrow Hwy, La Verne, CA 91750, USA"
https://www.allbiz.com/business/louies-liquor_15-626-969-4528,Elias Nemeh,Principal,(626) 969-4528,,,"596 E Foothill Blvd, Azusa, CA 91702"
https://www.allbiz.com/business/granada-liquor-619-442-0222,Chris Atia,Co-Owner,(619) 442-0222,,,"930 Broadway, El Cajon, CA 92021"
https://www.allbiz.com/business/arco_808u-619-440-4871,Phillip Drew,General Manager,(619) 440-4871,www.arco.com,phil@obec.tv,"900 Broadway, El Cajon, CA 92021, USA"
https://www.allbiz.com/business/j-d-liquor-626-338-4502,Hawara Zaher,Owner,(626) 338-4502,www.moneygram.com,,"4503 Maine Ave, Baldwin Park, CA 91706"
https://www.allbiz.com/business/fox-liquor-661-252-4855,Abdulaha Jaber,Owner,(661) 252-4855,,,"27257 Camp Plenty Rd, Canyon Country, CA 91351, USA"
https://www.allbiz.com/business/nestor-liquor_1E-619-423-3378,Latif Ges,Owner,(619) 423-3378,drizly.com,info@nestorimports.com,"1134 Hollister St, San Diego, CA 92154, USA"
https://www.allbiz.com/business/oaks-liquor-market-818-986-8280,Kibong Jung,Owner,(818) 986-8280,www.oaksliquors.com,concierge@oaksliquors.com,"5148 Sepulveda Blvd, Sherman Oaks, CA 91403, USA"
https://www.allbiz.com/business/international-liquor-and-market-310-787-7032,Abraham Guirgis,President,(310) 787-7032,internationalliquorstoreandmarket.business.site,international.liquor.tor@gmail.com,"2515 W Carson St Ste 105, Torrance, CA 90503"
https://www.allbiz.com/business/sunset-plaza-liquor-and-jr-market-310-450-3938,Dios Mario,Manager,(310) 450-3938,,sunsetparkliquor@gmail.com,"2602 Pico Blvd, Santa Monica, CA 90405"
https://www.allbiz.com/business/ace-hi-liquor_14-310-326-0076,Choi Simon,Owner,(310) 326-0076,,,"25511 Narbonne Ave, Lomita, CA 90717"
https://www.allbiz.com/business/zozaya-market-liquor-323-262-6887,Nazih Abnershaidi,Owner,(323) 262-6887,,,"116 N Rowan Ave, Los Angeles, CA 90063"
https://www.allbiz.com/business/garden-liquor-store-213-749-9993,Junijchi Hamada,Owner,(213) 749-9993,,,"1479 W Washington Blvd, Los Angeles, CA 90007, USA"
https://www.allbiz.com/business/oceanview-liquor-310-798-3331,Hani Issa,Principal,(310) 798-3331,,,"3232 Manhattan Ave, Hermosa Beach, CA 90254, USA"
https://www.allbiz.com/business/loma-liquor-562-439-3390,Eap Kong,President,(562) 439-3390,,,"220 Loma Ave, Long Beach, CA 90803, USA"
https://www.allbiz.com/business/stones-liquor-jr-mart-818-362-2911,Sung H. Park,Owner,(818) 362-2911,,,"13090 Bradley Ave, Sylmar, CA 91342"
https://www.allbiz.com/business/lucky-liquor_660-213-365-3770,Michelle Kim,Principal,(213) 365-3770,,,"2201 W Pico Blvd # H, Los Angeles, CA 90006"
https://www.allbiz.com/business/paradise-liquor_13G-559-224-1858,Sin Frances,,(559) 224-1858,www.moneygram.com,,"4674 N Blackstone Ave, Fresno, CA 93726"
https://www.allbiz.com/business/vista-trading-post-760-672-0127,Estep R. Christopher,Principal,(760) 672-0127,www.vistatradingpost.com,,"2040 E Vista Way, Vista, CA 92084, USA"
https://www.allbiz.com/business/georges-liquor-store_3l-213-250-3267,Seung Park,Owner,(213) 250-3267,,,"1300 W Temple St, Los Angeles, CA 90026, USA"
https://www.allbiz.com/business/r-r-liquor-junior-market-323-567-2228,Jeannie Lampley,Partner,(323) 567-2228,,,"10509 Compton Ave, Los Angeles, CA 90002"
https://www.allbiz.com/business/photo-sun-818-760-8745,Kim- Owner Jung Hae,Owner,(818) 760-8745,,,6104 Lankershim Boulevard
https://www.allbiz.com/business/bubbles-liquor-626-968-2516,Joe Diab,Partner,(626) 968-2516,www.haciendaheightsrealestate-ca.com,,"15608 Gale Ave, Hacienda Heights, CA 91745"
https://www.allbiz.com/business/international-liquor-and-market-310-787-7032,Abraham Guirgis,President,(310) 787-7032,internationalliquorstoreandmarket.business.site,international.liquor.tor@gmail.com,"2515 W Carson St Ste 105, Torrance, CA 90503"
https://www.allbiz.com/business/amigos-liquor_2v-323-255-9967,Kim Tichul,Owner,(323) 255-9967,amigos-liquor.hub.biz,,"5611 N Figueroa St; Los Angeles, California 90042"
https://www.allbiz.com/business/esquire-liquor-deli-213-622-6372,Moon Schang,Owner,(213) 622-6372,www.esquireliquors.com,,"619 S Olive St, Los Angeles, CA 90014, USA"
https://www.allbiz.com/business/discount-drywallers_2p-760-294-1717,Aaron Miranda-Shoikhet,President,(760) 294-1717,www.discountdrywallers.com,info@discountdrywallers.com,"306 W El Norte Pkwy, Escondido, CA 92026"
https://www.allbiz.com/business/robs-discount-liquor-310-834-8008,Daeho Kim,Owner,(310) 834-8008,,,"2615 E Carson St, Carson, CA 90810"
https://www.allbiz.com/business/tak-market-liquor-408-712-5463,Davinder Singh,President,(408) 712-5463,,,"698 N 3rd St, San Jose, CA 95112"
https://www.allbiz.com/business/als-drive-in-liquor-818-343-3737,Park Jong,Owner,(818) 343-3737,,,"18444 Saticoy St, Reseda, CA 91335, USA"
https://www.allbiz.com/business/kings-supermarket-liquor-407-397-2332,Ahmad Garib,Director,(407) 397-2332,www.iga.com,,"7562 US-192, Kissimmee, FL 34747"
https://www.allbiz.com/business/galleria-liquor-858-549-8900,Zaher Garmo,Owner,(858) 549-8900,gallerialiquorsd.com,,"6780 Miramar Rd #107, San Diego, CA 92121"
https://www.allbiz.com/business/welco-package-store-850-875-8447,Peter Patel,Owner,(850) 875-8447,,,"2201 W Jefferson St, Quincy, FL 32351, USA"
https://www.allbiz.com/business/alfa-liquors-813-513-8941,Alfred Achkouti,President,(813) 513-8941,,,"14919 Bruce B Downs Blvd, Tampa, FL 33613"
https://www.allbiz.com/business/barefoot-wine-spirits_2D-561-622-0729,Alan Johnson,President,(561) 622-0729,www.southfloridaliquorstores.com,,"10909 N Military Trl, Palm Beach Gardens, FL 33410, USA"
https://www.allbiz.com/business/anjo-liquors_2p-904-646-2656,Anna Stephens,Vice President,(904) 646-2656,www.anjoliquors.com,anjoliquors@yahoo.com,"9928 Old Baymeadows Rd # 1, Jacksonville, FL 32256"
https://www.allbiz.com/business/o-k-liquors-spirits-813-224-0362,Salima Bhojani,Registered Agent,(813) 224-0362,,,"3607 N Nebraska Ave, Tampa, FL 33603, USA"
https://www.allbiz.com/business/b-b-discount-beverage-inc-352-735-8691,Raid Baker,Principal,(352) 735-8691,,,"24357 FL-46, Sorrento, FL 32776"
https://www.allbiz.com/business/bacchus-liquors_2n-305-531-9463,Juan C. Diaz,Registered Agent,(305) 531-9463,www.bacchusliquors.com,bacchusliquors@gmail.com,"1445 Alton Rd, Miami Beach, FL 33139, USA"
https://www.allbiz.com/business/new-way-liquor-619-265-8487,Nasir M. Hirmiz,Owner,(619) 265-8487,,,"5591 University Ave, San Diego, CA 92105"
https://www.allbiz.com/business/northridge-liquor-store,Contact Northridge Liquor Store,,,,,"131 W Sunset Rd, San Antonio, TX 78209"
https://www.allbiz.com/business/van-ness-liquors_4Z-415-345-1925,Sam Geidan,Owner,(415) 345-1925,van-ness-liquors-san-francisco-ca.placestars.com,,"1846 Van Ness Ave, San Francisco, CA 94109, USA"
https://www.allbiz.com/business/b-b-discount-beverage_1s-407-321-6358,Zyida Baker,President,(407) 321-6358,,,"2707 S Orlando Dr, Sanford, FL 32773, USA"
https://www.allbiz.com/business/barns-spirits-850-713-0181,Niranjan A. Patel,President,(850) 713-0181,,niraj_a_patel@yahoo.com,"1306 Coastal Hwy, Panacea, FL 32346, USA"
https://www.allbiz.com/business/ocean-liquors_2K-561-338-7020,Donna Merelli,Principal,(561) 338-7020,www.yelp.co.nz,dberry0000@aol.com,"1305 W Palmetto Park Rd, Boca Raton, FL 33486, USA"
https://www.allbiz.com/business/bengals-discount-liquors-386-256-3461,Guadalupe Martinez,Administrator,(386) 256-3461,bengalsliquor.com,,"335 Beville Rd, South Daytona, FL 32119, USA"
https://www.allbiz.com/business/belleview-liquors_25-352-347-8444,Dyals Richard,Owner,(352) 347-8444,,,"10369 US-441, Belleview, FL 34420"
https://www.allbiz.com/business/gb-discount-liquor-407-542-5993,Gulshan Bahl,Principal,(407) 542-5993,www.gbliquor.com,gbahl@gbliquor.com,"69 Alafaya Woods Blvd, Oviedo, FL 32765, USA"
https://www.allbiz.com/business/best-buy-liquors_265-786-339-9023,Jose Rodriguez,Owner,(786) 339-9023,bestbuyliquor.com,bestbuyliquors@aol.com,"402 SE 1st Ave, Florida City, FL 33034"
https://www.allbiz.com/business/pantry-liquors-305-552-7060,Ignacio Granda,President,(305) 552-7060,pantryliquors2.com,,"12846 SW 8th St, Miami, FL 33184, USA"
https://www.allbiz.com/business/avyness-goldstar-liquors_1f-954-457-2012,Ester Aboughanine,Principal,(954) 457-2012,goldstar-liquors.com,,"2511 E Hallandale Beach Blvd, Hallandale Beach, FL 33009, USA"
https://www.allbiz.com/business/twin-oaks-liquors_1c-954-792-6059,Steve Cohen,Principal,(954) 792-6059,www.twinoaksliquor.com,,"3232 Davie Blvd, Fort Lauderdale, FL 33312"
https://www.allbiz.com/business/airport-liquors_8E-561-471-3344,Camiella Ramnauth,Owner,(561) 471-3344,,,"2227 Belvedere Rd, West Palm Beach, FL 33406, USA"
https://www.allbiz.com/business/liquor-mart_40g-904-765-4126,Mike Yeomans,Owner,(904) 765-4126,www.theliquormart.com,mike.yeomans@liquormart.com,"8629 Lem Turner Rd, Jacksonville, FL 32208, USA"
https://www.allbiz.com/business/smoke-inn-vi-cigars-954-970-0001,Russo Salvatore,Principal,(954) 970-0001,www.smokeinnvicigars.com,info@smokeinnvicigars.com,"7328 Royal Palm Blvd, Margate, FL 33063, USA"
https://www.allbiz.com/business/abc-fine-wine-spirits_39a,Contact ABC Fine Wine & Spirits,,,www.abcfws.com,,"3059 Edgewood Ave W, Jacksonville, FL 32209"
https://www.allbiz.com/business/fine-wine-spirits-954-796-9292,Manmohan Singh,Principal,(954) 796-9292,www.abcfws.com,,"8140 Wiles Rd, Coral Springs, FL 33067"
https://www.allbiz.com/business/catering-by-the-family_3O-813-875-2000,Carol Guggino,Secretary,(813) 875-2000,www.cateringbythefamily.com,steve_bradley@westernpest.com,"2322 W Cypress St, Tampa, FL 33609, USA"
https://www.allbiz.com/business/courtland-liquor-tobacco-386-574-1701,Mayur Patel,President,(386) 574-1701,,,"600 Courtland Blvd #6, Deltona, FL 32738"
https://www.allbiz.com/business/ben-thanh-restaurant_1v-727-526-3051,Huong Bui,Principal,(727) 526-3051,www.urbanspoon.com,,"4200 62nd Ave N # C, Pinellas Park, FL 33781"
https://www.allbiz.com/business/herradura-liquors-305-805-9602,Diaz A. Luis,Principal,(305) 805-9602,,,"1670 Palm Ave, Hialeah, FL 33010, USA"
https://www.allbiz.com/business/st-liquor_3m,Contact 79 St Liquor,,,,,"701 NW 79th St, Miami, FL 33150"
https://www.allbiz.com/business/crown-wine-spirits_14-561-392-6366,Lance Goldberg,Manager,(561) 392-6366,www.crownwineandspirits.com,info@crownwineandspirits.com,"3500 N Federal Hwy, Boca Raton, FL 33431"
https://www.allbiz.com/business/crystal-liquor_16-352-563-2111,Bharat Patel,,(352) 563-2111,crystal-liquor.hub.biz,,"1105 NE 5th St, Crystal River, FL 34429"
https://www.allbiz.com/business/askari-o-h-llc-florida-754-222-9047,Baubak Askari,Registered Agent,(754) 222-9047,www.askarioh.com,,"1411 SW 30th Ave, Pompano Beach, FL 33069, USA"
https://www.allbiz.com/business/a-to-z-discount-liquor-386-238-8988,Pradeep Patel,Owner,(386) 238-8988,sites.google.com,a2zliquor@yahoo.com,"1390 N Nova Rd, Daytona Beach, FL 32117"
https://www.allbiz.com/business/a-to-z-liquors_2o-850-681-8561,Navincsand Patel,Principal,(850) 681-8561,,,"1312 W Tennessee St, Tallahassee, FL 32304, USA"
https://www.allbiz.com/business/navarre-liquors-inc-952-471-8800,Wood Enterprises Inc,Nameholder,(952) 471-8800,,send@giftrocket.com,"3421 Shoreline Dr, Wayzata, MN 55391, USA"
https://www.allbiz.com/business/florida-wine-spirits_6j-321-722-1109,David Hastings,Owner,(321) 722-1109,www.floridawineandspirits.com,,"Winn-Dixie Plaza, 190 Malabar Rd SE #111, Palm Bay, FL 32907, USA"
https://www.allbiz.com/business/fleming-liquor-and-cigars-904-644-7479,Salim Aldib,Principal,(904) 644-7479,flemingliquor.webs.com,,"868 Blanding Blvd suite 137, Orange Park, FL 32065"
https://www.allbiz.com/business/raza-inc,Contact Raza Inc,,,,,"1711 Belvedere Rd, West Palm Beach, FL 33406"
https://www.allbiz.com/business/eastport-liquor-store,Contact Eastport Liquor Store,,,www.eastportplaza.com,,"4229 SE 82nd Ave, Portland, OR 97266, USA"
https://www.allbiz.com/business/big-c-liquors-407-678-0882,Eddie Coppens,Manager,(407) 678-0882,,,"7530-7762 University Blvd, Winter Park, FL 32792, USA"
https://www.allbiz.com/business/liquors_135x-305-397-8202,Diana Espinal,,(305) 397-8202,710liquors.com,,"710 Washington Ave #6, Miami Beach, FL 33139, USA"
https://www.allbiz.com/business/paradise-liquor_4h-850-453-5133,Linda McCullers,Manager,(850) 453-5133,shopsunsetliquor.com,,"4051 Barrancas Ave, Pensacola, FL 32507"
https://www.allbiz.com/business/dorns-liquors-and-wine-whse-954-927-0304,Peter Brignola,Operations Executive,(954) 927-0304,flawineclub.com,,"3624 Nw 97 Blvd., Gainesaville, Fl 32606"
https://www.allbiz.com/business/mystical-spirits-wine-liquor-954-971-0762,Rivaldal Campos,Principal,(954) 971-0762,,,"4570 Lyons Rd #101, Coconut Creek, FL 33073, USA"
https://www.allbiz.com/business/beverage-liquor-352-799-5139,Linda Wallace,President,(352) 799-5139,www.yelp.co.nz,,"16370 Cortez Blvd, Brooksville, FL 34601, USA"
https://www.allbiz.com/business/gator-liquor_11-352-376-2727,Kirit Patel,,(352) 376-2727,gatorbeverage.com,,"1203 SW 16th Ave, Gainesville, FL 32601, USA"
https://www.allbiz.com/business/first-street-liquors_2g-239-332-3945,Gopi K. Naik,President,(239) 332-3945,,,"2023 Altamont Ave, Fort Myers, FL 33901"
https://www.allbiz.com/business/luckys-liquors_5O-305-828-0780,Casteloanos Ines,Owner,(305) 828-0780,,,"8137 W 8th Ave, Hialeah, FL 33014"
https://www.allbiz.com/business/dtc-liquors-352-554-4188,Francis P. Fitzpatrick,Principal,(352) 554-4188,,,"40 SW 2nd St, Gainesville, FL 32601, USA"
https://www.allbiz.com/business/file-liquors-305-223-0929,Quintana Enrique,Owner,(305) 223-0929,,,"11335 W Flagler St, Miami, FL 33174, USA"
https://www.allbiz.com/business/liquor-mart_163P-954-538-6908,Roopashree Premkumar,Principal,(954) 538-6908,www.miramarvisioncenter.com,miramarvisioncenter@yahoo.com,"14663 Miramar Pkwy, Miramar, FL 33027, USA"
https://www.allbiz.com/business/caring-sharing-of-south-walton-850-267-2866,Pennie Lucas,Principal,(850) 267-2866,caringandsharingsowal.org,caringsharingsowal@gmail.com,"112 Lynn Dr, Santa Rosa Beach, FL 32459, USA"
https://www.allbiz.com/business/fiesta-liquors-catering-services,Contact Fiesta Liquors & Catering Services,,,,,"801 NW 37th Ave, Miami, FL 33125, USA"
https://www.allbiz.com/business/maid-for-a-cause-954-540-9095,Robert L. Monterola,Principal,(954) 540-9095,maidforacause.com,info@maidforacause.com,"20301 W Country Club Dr #2027, Aventura, FL 33180, USA"
https://www.allbiz.com/business/i-love-liquor-305-673-8086,Karen Lewin,Principal,(305) 673-8086,www.iloveliquor.com,webmaster@gmcvb.com,"1632 Collins Ave, Miami Beach, FL 33139"
https://www.allbiz.com/business/gap_3023B-305-531-5358,Danny Hsieh,Manager,(305) 531-5358,www.gap.com,d.hsieh@gap.com,"673 Collins Ave, Miami Beach, FL 33139"
https://www.allbiz.com/business/c-discount-liquor-561-585-5521,Niel Patel,Owner,(561) 585-5521,fb.me,,"902 N Dixie Hwy, Lantana, FL 33462"
https://www.allbiz.com/business/coquis-liquors-305-559-9155,Carlos Urive,Principal,(305) 559-9155,www.coquisliquors.com,,"13814 SW 8th St, Miami, FL 33184"
https://www.allbiz.com/business/developmental-disabilties-program,Contact Developmental Disabilties Program,,,apd.myflorida.com,,"1201 102nd Ave N, St. Petersburg, FL 33716"
https://www.allbiz.com/business/friendly-frankies-liquor_2d-239-495-2828,Elizabeth Frank,Owner,(239) 495-2828,www.frankiesliquor.com,info@frankiesliquor.com,"3300 Bonita Beach Rd SE #110, Bonita Springs, FL 34134, USA"
https://www.allbiz.com/business/sams-club_8910,Contact Sam's Club,,,www.samsclub.com,,"7233 N Seacrest Blvd, Lantana, FL 33462, USA"
https://www.allbiz.com/business/gator-beverage-inc-352-336-6128,Mark Barnett,President,(352) 336-6128,gatorbeverage.com,gatorbev@gmail.com,"1126 W University Ave, Gainesville, FL 32601"
https://www.allbiz.com/business/groveland-discount-beverage_1Y-352-429-9970,Melvin Davis Jr,Managing Member,(352) 429-9970,www.myfloridalicense.com,,"2522, 112 FL-33, Groveland, FL 34736, USA"
https://www.allbiz.com/business/el-gato-tuerto_1K-305-854-8576,Leonardo Hetter,Owner,(305) 854-8576,www.elgatotuerto.com,rgatotuerto@gmail.com,"2814, 476 SW 8th St, Miami, FL 33130"
https://www.allbiz.com/business/eas-distributors_2h-239-246-7821,Esther Suarez,Principal,(239) 246-7821,,easdistributors@yahoo.com,"Cape Coral, FL 33915"
https://www.allbiz.com/business/touchdown-grill_2l-904-358-6659,Luigi DiFranco,General Manager,(904) 358-6659,luigistdgrill.com,touchdowngrill@gmail.com,"1803 E Duval St, Jacksonville, FL 32202"
https://www.allbiz.com/business/green-liquor-407-778-4865,Kyoung M. Choe,,(407) 778-4865,,,"117011 International Dr, Orlando, FL 32821, USA"
https://www.allbiz.com/business/good-spirits_4y-850-639-5773,Bobbie Husband,President,(850) 639-5773,,,"236 FL-71, Wewahitchka, FL 32465"
https://www.allbiz.com/business/vintage-liquors_3I-407-678-2229,Chunilal K. Patel,Registered Agent,(407) 678-2229,vintageliquor.com,,"1455 Semoran Blvd #271, Casselberry, FL 32707"
https://www.allbiz.com/business/west-end-liquors_3I-850-674-2699,Hall Rosearieo,,(850) 674-2699,,,"19873 FL-20, Blountstown, FL 32424"
https://www.allbiz.com/business/boynton-discount-liquor-561-737-4577,Radhika Kumar,President,(561) 737-4577,www.webpagedepot.com,,"10833 Jog Rd # 176, Boynton Beach, FL 33437"
https://www.allbiz.com/business/worldwide-wines_11-203-239-4901,Robert J. Lento,Secretary,(203) 239-4901,www.worldwidewines.com,info@worldwidewines.com,"80 Defco Park Rd, North Haven, CT 06473, USA"
https://www.allbiz.com/business/west-end-liquors_3I-850-674-2699,Hall Rosearieo,,(850) 674-2699,,,"19873 FL-20, Blountstown, FL 32424"
https://www.allbiz.com/business/a-s-discount-beverage_11,Contact A & S Discount Beverage,,,www.actinsurance.com,,"7134 S Military Trail, Lake Worth, FL 33463, USA"
https://www.allbiz.com/business/fresh-supermarket_2O,Contact Fresh Supermarket,,,www.thefreshmarket.com,,"7620 W Irlo Bronson Meml Hwy, Kissimmee, FL 34747"
https://www.allbiz.com/business/best-buy-liquors_21N-305-247-4224,Dorian Mejia,Treasurer,(305) 247-4224,www.bestbuy.com,,"27329 S Dixie Hwy S Dixie Hwy, Naranja, FL 33032, USA"
https://www.allbiz.com/business/star-liquors-ii-561-790-5959,Amit Patel,President,(561) 790-5959,starliquorsfl.com,,"5115, 8983 Okeechobee Blvd #218, West Palm Beach, FL 33411"
https://www.allbiz.com/business/docs-liquors-850-539-9664,Louis C. Hurst,Owner,(850) 539-9664,,,"10673 Florida Georgia Hwy, Havana, FL 32333"
https://www.allbiz.com/business/classic-wine-spirits_6k-904-221-8466,Warren Merril,Owner,(904) 221-8466,www.acerefi.com,s-kaluby@kalubys.com,"13245 Atlantic Blvd # 3, Jacksonville, FL 32225"
https://www.allbiz.com/business/js-liquors_13c-305-238-7000,Irene Montes,Owner,(305) 238-7000,,,"13748 SW 152nd St, Miami, FL 33177, USA"
https://www.allbiz.com/business/impack-liquors_1r-561-629-8349,Mukesh Patel,Principal,(561) 629-8349,,,"2561 Forest Hill Blvd, West Palm Beach, FL 33406, USA"
https://www.allbiz.com/business/twin-oaks-liquors_1c-954-792-6059,Steve Cohen,Principal,(954) 792-6059,www.twinoaksliquor.com,,"3232 Davie Blvd, Fort Lauderdale, FL 33312"
https://www.allbiz.com/business/island-liquors-of-jensen-beach-772-229-8988,Sarojben Patel,Manager,(772) 229-8988,www.jensenbeach-realestate.com,,"11027 S Ocean Dr, Jensen Beach, FL 34957, USA"
https://www.allbiz.com/business/east-port-liquor_2m-772-337-0075,Jitesh Patel,Principal,(772) 337-0075,www.publix.com,,"9092 US-1, Port St. Lucie, FL 34952"
https://www.allbiz.com/business/jet-in-jet-out-813-831-9730,Mah D. A. Msawel,Principal,(813) 831-9730,,,"6117 S Dale Mabry Hwy, Tampa, FL 33611"
https://www.allbiz.com/business/spirit-liquor-tobacco-863-299-5881,Justin Patel,Principal,(863) 299-5881,,,"1100 Spirit Lake Rd, Winter Haven, FL 33880, USA"
https://www.allbiz.com/business/ponte-vedra-liquors-904-285-4599,Eugenia P. Price,Director,(904) 285-4599,goldenoxliquors.com,shellydunne@ikumon.com,"292 Solana Rd, Ponte Vedra Beach, FL 32082, USA"
https://www.allbiz.com/business/moras-liquors-spirits-305-642-0800,Elias Fajardo,,(305) 642-0800,moraliquors.com,,"3198 NW 7th St, Miami, FL 33125"
https://www.allbiz.com/business/j-w-liquors_5b-561-670-2910,Joudeh Ghawali,Principal,(561) 670-2910,,,"2657 President Barack Obama Hwy, Riviera Beach, FL 33404, USA"
https://www.allbiz.com/business/v-k-liquor-407-699-7277,Himanshu Tucker,Owner,(407) 699-7277,,,"5285 Red Bug Lake Rd, Winter Springs, FL 32708"
https://www.allbiz.com/business/woodbury-wine-spirits_1C-407-282-9898,Bobby Amin,Manager,(407) 282-9898,,,"857 Woodbury Road, Orlando, FL 32828, USA"
https://www.allbiz.com/business/liquor-license-marketplace_5u-386-677-3785,Tim W. Garrison,President,(386) 677-3785,www.liquorlicenseloans.org,liquorlicenses.florida@yahoo.com,"109 Shady Branch Trail, Ormond Beach, FL 32174, USA"
https://www.allbiz.com/business/dorns-liquors-and-wine-whse-954-927-0304,Peter Brignola,Operations Executive,(954) 927-0304,flawineclub.com,,"3624 Nw 97 Blvd., Gainesaville, Fl 32606"
https://www.allbiz.com/business/ez-liquor_4U-941-249-3317,David Behling,President,(941) 249-3317,,,"3651 Tamiami Trail, Port Charlotte, FL 33952, USA"
https://www.allbiz.com/business/happy-time-liquor_2O-850-765-6029,Sam Patel,Principal,(850) 765-6029,,,"32563 Blue Star Hwy, Midway, FL 32343"
https://www.allbiz.com/business/empire-liquors_3Y-407-787-4299,Young Lee,Owner,(407) 787-4299,www.empireliquors.com,,"7860 W Irlo Bronson Memorial Hwy, Kissimmee, FL 34747"
https://www.allbiz.com/business/buds-liquors_2d-850-875-2141,Franklin Jones,President,(850) 875-2141,,,"14 S Adams St # A, Quincy, FL 32351, USA"
https://www.allbiz.com/business/krystals-liquors-inc_1l-305-557-4095,Hurthu Maria,Manager,(305) 557-4095,,,"7105 W 12th Ave # 1, Hialeah, FL 33014, USA"
https://www.allbiz.com/business/morse-shore-liquor-store-239-690-1021,John Naik,President,(239) 690-1021,,prem_dunkin@yahoo.com,"4901 Palm Beach Blvd Suite 120, Fort Myers, FL 33905, USA"
https://www.allbiz.com/business/lehigh-discount-liquor-239-369-6800,Carl Fricke,Principal,(239) 369-6800,www.naplesliquor.com,,"1305 Homestead Rd N # 101, Lehigh Acres, FL 33936"
https://www.allbiz.com/business/aroma-fine-wine-spirits-352-746-5595,Chiragiben Patel,Principal,(352) 746-5595,aromafinewineandspirits.weebly.com,,"2456 N Heritage Oaks Path, Hernando, FL 34442, USA"
https://www.allbiz.com/business/popular-liquor_18-305-231-1060,Alberteo Cabral,Principal,(305) 231-1060,,,"2851 W 68th St #5, Hialeah, FL 33018"
https://www.allbiz.com/business/lees-discount-beverage-inc-352-473-9859,Lee Tang,Secretary,(352) 473-9859,,,"7387 State Rd 21, Keystone Heights, FL 32656"
https://www.allbiz.com/business/moss-park-liquor_2q,Contact Moss Park Liquor,,,,,"10651 Narcoossee Rd, Orlando, FL 32832, USA"
https://www.allbiz.com/business/liquor-direct_1V-561-274-4344,Tania Zogby,Registered Agent,(561) 274-4344,,,"1445 S Congress Ave, Delray Beach, FL 33445, USA"
https://www.allbiz.com/business/liquor-time_8Z-305-681-1625,Frank Fernandez,Owner,(305) 681-1625,start.cortera.com,,"830 E 49th St, Hialeah, FL 33013"
https://www.allbiz.com/business/aaa-discount-liquors_21-813-633-6011,Yolanda Menendes,Principal,(813) 633-6011,www.aaadiscountliquor.com,aaasuncity@yahoo.com,"1501 Sun City Center Plaza, Sun City Center, FL 33573"
https://www.allbiz.com/business/file-liquors-305-223-0929,Quintana Enrique,Owner,(305) 223-0929,,,"11335 W Flagler St, Miami, FL 33174, USA"
https://www.allbiz.com/business/lloyds-liquors-831-423-3029,Rajindr Singh,Owner,(831) 423-3029,localwiki.org,,"339 Soquel Ave, Santa Cruz, CA 95062"
https://www.allbiz.com/business/star-liquor_24m-407-847-5066,Jatin Patel,Manager,(407) 847-5066,,,"1098 N John Young Pkwy, Kissimmee, FL 34741, USA"
https://www.allbiz.com/business/luxus-discount-liquors-727-520-1435,Eliza Przytula,Vice President,(727) 520-1435,www.oldjaenterprises.com,john@oldjaenterprises.com,"5000 34th St N, St. Petersburg, FL 33714, USA"
https://www.allbiz.com/business/northlake-wine-liquor-954-385-1521,Juan Mejia,Owner,(954) 385-1521,www.northlakeliquor.com,info@northlakeliquor.com,"94 Indian Trace, Weston, FL 33326"
https://www.allbiz.com/business/hot-shot-beverage-561-613-1381,Jerome Helfant,Registered Agent,(561) 613-1381,,,"NW 32nd Way, Boca Raton, FL 33496, USA"
https://www.allbiz.com/business/sarasota-liquor-locker-941-377-5477,Broc Smith,Principal,(941) 377-5477,www.srqliquorlocker.com,broc@sarasotaliquorlocker.com,"5403 Fruitville Rd, Sarasota, FL 34232, USA"
https://www.allbiz.com/business/trenton-wine-and-spirits-352-463-1558,Hetal Patel,President,(352) 463-1558,www.jerseywineandspirits.com,,"1027 E Wade St, Trenton, FL 32693, USA"
https://www.allbiz.com/business/groveland-discount-beverage_1Y-352-429-9970,Melvin Davis Jr,Managing Member,(352) 429-9970,www.myfloridalicense.com,,"2522, 112 FL-33, Groveland, FL 34736, USA"
https://www.allbiz.com/business/flip-a-chip-liquors-954-486-0940,Shifi Rahman,Owner,(954) 486-0940,flip-a-chip-liquors.hub.biz,bev1476@bellsouth.net,"2424 FL-7, Lauderdale Lakes, FL 33313, USA"
https://www.allbiz.com/business/a-s-discount-beverage_11,Contact A & S Discount Beverage,,,www.actinsurance.com,,"7134 S Military Trail, Lake Worth, FL 33463, USA"
https://www.allbiz.com/business/k-liquors-561-963-0199,Euclides Jimenez,Owner,(561) 963-0199,,,"2447 10th Ave N, Lake Worth, FL 33461, USA"
https://www.allbiz.com/business/star-liquors-iii-772-283-9900,Parus Patel,Owner,(772) 283-9900,starliquorsfl.com,starliquors3@gmail.com,"5899 SE Federal Hwy # 1, Stuart, FL 34997, USA"
https://www.allbiz.com/business/triton-supermarket-305-534-4774,Luis Couceiro,President,(305) 534-4774,,,"2715 Collins Ave, Miami Beach, FL 33140, USA"
https://www.allbiz.com/business/mango-man_31-954-585-6233,Ramon Batista,Owner,(954) 585-6233,www.urbanspoon.com,,"3598 W Broward Blvd, Fort Lauderdale, FL 33312, USA"
https://www.allbiz.com/business/bayside-liquor-321-872-0666,Haig Bonnie,Principal,(321) 872-0666,,,"3450 Bayside Lakes Blvd SE, Palm Bay, FL 32909, USA"
https://www.allbiz.com/business/bayside-wine-and-spirits-727-723-3610,Joseph Choueisaei,Owner,(727) 723-3610,google.com,,"1550 North McMullen Booth Rd, Clearwater, FL 33759"
https://www.allbiz.com/business/n-p-discount-beverages_1n-386-756-9966,Shan Patel,Manager,(386) 756-9966,,,"5275 S Nova Rd, Port Orange, FL 32127"
https://www.allbiz.com/business/sunshine-liquor_39-386-767-4430,Elia Nader,President,(386) 767-4430,southdaytonaliquor.com,enader@thomasgroup.com,"2400 S Ridgewood Ave #48B, South Daytona, FL 32119, USA"
https://www.allbiz.com/business/tailgate-beverages-352-335-7055,Xyc Corporation,Owner,(352) 335-7055,www.tailgatelot.com,,"4340 SW 20th Ave, Gainesville, FL 32607"
https://www.allbiz.com/business/a-to-z-discount-beverage_13n-352-686-7500,Pankaj Patel,Vice President,(352) 686-7500,www.yelp.co.nz,,"4060 Deltona Blvd, Spring Hill, FL 34606"
https://www.allbiz.com/business/north-beach-wine-spirits-727-447-1453,Dan Shoublin,Owner,(727) 447-1453,north-beach-wine-spirits.business.site,,"490 Mandalay Ave #6, Clearwater Beach, FL 33767"
https://www.allbiz.com/business/s-j-liquor-352-861-6995,Pina Patel,Principal,(352) 861-6995,,,"2661 NE 35th St, Ocala, FL 34479, USA"
https://www.allbiz.com/business/oceanway-liquors-904-757-2960,Rupesh Patel,Principal,(904) 757-2960,oceanwayvets.com,info@oceanwayvets.com,"12961 Main St N #207, Jacksonville, FL 32218, USA"
https://www.allbiz.com/business/largo-liquor-727-581-4139,Mina Patel,Principal,(727) 581-4139,,,"1254 Seminole Blvd, Largo, FL 33770, USA"
https://www.allbiz.com/business/garden-square-liquors-305-829-1946,Juan Segoia,Owner,(305) 829-1946,,,"8629 NW 186th St, Hialeah, FL 33015, USA"
https://www.allbiz.com/business/m-liquor_5f-727-233-2907,Minaben Patel,Principal,(727) 233-2907,,,"9848 Little Rd, New Port Richey, FL 34654"
https://www.allbiz.com/business/orlando-liquor-store_1d-407-601-3907,George Miller,Owner,(407) 601-3907,merrittislandcondos.com,,"7732 Silver Star Rd, Orlando, FL 32818, USA"
https://www.allbiz.com/business/express-lane-liquor-386-462-2400,Nick Chauchari,Branch Manager,(386) 462-2400,expresslaneliquor.business.site,,"15405 NW US Hwy 441, Alachua, FL 32615"
https://www.allbiz.com/business/liquor-depot_91F-813-972-5919,James G. Moore,Director,(813) 972-5919,www.tampaliquors.net,frank@liquorandwine.net,"2534 E Bearss Ave, Tampa, FL 33613, USA"
https://www.allbiz.com/business/cape-canaveral-liquors-321-783-8875,Spike Schryer,Owner,(321) 783-8875,www.capecanaveralliquors.com,capecanaveralliquors@gmail.com,"8177 N Atlantic Ave, Cape Canaveral, FL 32920"
https://www.allbiz.com/business/liquor-cabinet_47F-561-686-6072,Prema Maharaj,Executive,(561) 686-6072,www.pointy.com,info@pointy.com,"940 S Military Trail #11, West Palm Beach, FL 33415, USA"
https://www.allbiz.com/business/party-liquor_15y-863-420-6666,Anand Watane,President,(863) 420-6666,www.partyliquor.com,,"2412 Sand Mine Rd, Davenport, FL 33897, USA"
https://www.allbiz.com/business/palm-beach-wine-merchants-561-844-4057,Gust Petrou,Owner,(561) 844-4057,palmbeachdailynews.com,,"4600 Broadway Ave, West Palm Beach, FL 33407"
https://www.allbiz.com/business/anthony-liquor-store-620-842-4300,Michael Laney,Owner,(620) 842-4300,,,"511 N Ll and G Ave, Anthony, KS 67003, USA"
https://www.allbiz.com/business/golden-ox-liquors_2r-352-241-4878,Pragnesh Patel,Principal,(352) 241-4878,www.goldenoxliquors.com,,"240 Citrus Tower Blvd ste k, Clermont, FL 34711, USA"
https://www.allbiz.com/business/xtra-liquors-352-336-7606,Mehul Patel,President,(352) 336-7606,,,"1712 SW 13th St, Gainesville, FL 32608"
https://www.allbiz.com/business/liquor-plus_26T-352-419-4871,Harman Singh,President,(352) 419-4871,www.liquor-plus.com,,"8290 S Florida Ave, Floral City, FL 34436, USA"
https://www.allbiz.com/business/martinis-fine-wine-spirits-305-664-4800,Michael Thaler,Vice President,(305) 664-4800,www.martinisfinewineandspirits.com,topshelfrep@aol.com,"81650 Overseas Hwy, Islamorada, FL 33036"
https://www.allbiz.com/business/abc-fine-wine-spirits_86Q-386-756-6728,Les Cantrell,Branch Manager,(386) 756-6728,www.abcfws.com,,"1198 Dunlawton Ave, Port Orange, FL 32127"
https://www.allbiz.com/business/ocean-super-market-305-531-0958,Thelma Solis,President,(305) 531-0958,,,"1424 Alton Road, Miami Beach, Fl, 33139"
https://www.allbiz.com/business/aquatic-plant-813-744-6163,John Rogers,Principal,(813) 744-6163,myfwc.com,john-rodgers@dep.state.fl.us,"8302 Laurel Fair Cir # 140, Tampa, FL 33610, USA"
https://www.allbiz.com/business/lehigh-discount-liquor-239-369-6800,Carl Fricke,Principal,(239) 369-6800,www.naplesliquor.com,,"1305 Homestead Rd N # 101, Lehigh Acres, FL 33936"
https://www.allbiz.com/business/big-daddys-liquors_17Y-954-782-5095,Steve Lippig,Manager,(954) 782-5095,www.bigdaddysliquors.com,info@flanigans.com,"2500 E Atlantic Blvd, Pompano Beach, FL 33062, USA"
https://www.allbiz.com/business/dean%E2%80%99s-liquor-cigar-954-500-7110,Gary J. Gentile,Principal,(954) 500-7110,deans-cigar-liquor.business.site,,"7110 N University Dr # D, Tamarac, FL 33321, USA"
https://www.allbiz.com/business/bronson-liquors-407-483-8950,Chirag J. Patel,President,(407) 483-8950,,,"2264 E Irlo Bronson Memorial Hwy, Kissimmee, FL 34744, USA"
https://www.allbiz.com/business/beverage-castle_59-863-326-1932,Manog Patel,Owner,(863) 326-1932,,,"3096 Cypress Gardens Rd, Winter Haven, FL 33884"
https://www.allbiz.com/business/orange-heights-liquor_1b-352-468-1601,Danny Patel,Owner,(352) 468-1601,www.islandgrovewinecompany.com,,"6809 NE US Hwy 301, Hawthorne, FL 32640, USA"
https://www.allbiz.com/business/stateline-liquors_1R-850-956-2200,Paul Rogers,Manager,(850) 956-2200,statelineliquors.com,,"1065 Highway 179A, Westville, FL 32464, USA"
https://www.allbiz.com/business/tonys-liquors_9c-305-823-4120,Antonio Berec,President,(305) 823-4120,,,"5394 Palm Ave, Hialeah, FL 33012, USA"
https://www.allbiz.com/business/ball-park-liquors-772-581-1781,Atul V. Patel,Principal,(772) 581-1781,,,"9360 90th Ave # 100, Sebastian, FL 32958, USA"
https://www.allbiz.com/business/thirsty-liquors_1T-727-841-0575,Tom Price,Principal,(727) 841-0575,www.thirstyliquorsdekalb.com,,"11418 Ridge Rd, New Port Richey, FL 34654"
https://www.allbiz.com/business/regency-crossing-liquors-727-847-2296,Dipak Desai,Principal,(727) 847-2296,,vin@graphicd-signs.com,"7043 Ridge Rd, Port Richey, FL 34668, USA"
https://www.allbiz.com/business/third-base-discount-beverage_1Q-772-336-8777,Varsha Pattel,President,(772) 336-8777,www.bestpriceliquor.com,varsha_pattel@rishub.com,"2828 SW Port St Lucie Blvd, Port St. Lucie, FL 34953, USA"
https://www.allbiz.com/business/s-f-liquors_1B,Contact S & F Liquors,,,,,"20741 US-301, Dade City, FL 33523, USA"
https://www.allbiz.com/business/hepatitis-information-305-809-5620,Thomas Drone,Manager,(305) 809-5620,www.mchd.us,,"Key West, FL 33040"
https://www.allbiz.com/business/river-crossing-liquors-727-376-6067,Dipak Desai,Owner,(727) 376-6067,,,"5352 Little Rd, New Port Richey, FL 34655"
https://www.allbiz.com/business/s-a-liquor-store-727-209-2770,Artur M. Lipiec,,(727) 209-2770,placestogoinstpetersburg.com,,"4701 49th St N # 1A, St. Petersburg, FL 33709"
https://www.allbiz.com/business/i-love-liquor-305-673-8086,Karen Lewin,Principal,(305) 673-8086,www.iloveliquor.com,webmaster@gmcvb.com,"1632 Collins Ave, Miami Beach, FL 33139"
https://www.allbiz.com/business/huxters-liquors-239-472-3333,Maderos Donna,Manager,(239) 472-3333,www.huxtersmarket.com,jenniferlee4828@yahoo.com,"1201 Periwinkle Way, Sanibel, FL 33957, USA"
https://www.allbiz.com/business/star-liquor_24m-407-847-5066,Jatin Patel,Manager,(407) 847-5066,,,"1098 N John Young Pkwy, Kissimmee, FL 34741, USA"
https://www.allbiz.com/business/cpd-wine-liquor-863-274-6317,Nikkanth Swami,Chief Executive Officer,(863) 274-6317,cpdwineliquor.com,cpdwineliquor@gmail.com,"5100 US Hwy 98 N Suite #3, Lakeland, FL 33809"
https://www.allbiz.com/business/scw-liquors_2U-904-628-0671,Todd Jones,,(904) 628-0671,www.scwliquors.com,scwliquors@gmail.com,"450066 FL-200, Callahan, FL 32011, USA"
https://www.allbiz.com/business/pats-liquor-leaf-wine-bourbon-craft-407-365-0998,Luis Medina,,(407) 365-0998,www.patsliquororlando.com,,"3021 S Orlando Dr, Sanford, FL 32773, USA"
https://www.allbiz.com/business/gold-coast-liquors_1E-561-433-9146,Udendra Waghray,President,(561) 433-9146,gold-coast-liquors.business.site,goldcoastliquors@yahoo.com,"9859 Lake Worth Rd, Lake Worth, FL 33467, USA"
https://www.allbiz.com/business/mosquitolagoon-com-904-673-5710,Varley Tim,,(904) 673-5710,mosquitolagoon.com,admin@mosquitolagoon.com,193 Daymora Parkway - Holly Hill
https://www.allbiz.com/business/west-kendall-liquors-305-274-4547,Sethi Meena,Partner,(305) 274-4547,www.finewinespirits.com,msethi1@aol.com,"10590 N Kendall Dr, Miami, FL 33176, USA"
https://www.allbiz.com/business/lees-liquor_15V-850-926-9770,Harold Lee,Registered Agent,(850) 926-9770,,,"2581 Crawfordville Hwy, Crawfordville, FL 32327"
https://www.allbiz.com/business/riverdale-liquors_1w-239-489-2800,John Chadrajit,Owner,(239) 489-2800,www.riverdaledental.com,riverdalepowersports@gmail.com,"14630 Palm Beach Blvd # 1, Fort Myers, FL 33905"
https://www.allbiz.com/business/half-time-liquors_19-850-350-0085,Cavel Varnet,Principal,(850) 350-0085,,,"1362 Lake Bradford Rd, Tallahassee, FL 32304, USA"
https://www.allbiz.com/business/s-s-food-store_162-386-758-4564,Madeline White,Manager,(386) 758-4564,scaffs.com,jenny.drawdy@scaffs.com,"2200 E Duval St, Lake City, FL 32055, USA"
https://www.allbiz.com/business/bombay-liquor_2K-904-282-0462,Mannu B. Patel,President,(904) 282-0462,,,"4388 Co Rd 218 W, Middleburg, FL 32068, USA"
https://www.allbiz.com/business/okeechobee-one-stop-career-center_1Z-863-462-5350,Jim Lilly,Principal,(863) 462-5350,yourworkforcesolutions.com,support@tcjobs.com,"209 SW Park St, Okeechobee, FL 34972"
https://www.allbiz.com/business/cork-olive_77-407-323-0555,Antoney J. Manipadam,President,(407) 323-0555,www.corkandoliveonline.com,wines@corkandoliveonline.com,"1061 S Sun Dr #1009, Lake Mary, FL 32746"
https://www.allbiz.com/business/chelsea-place-liquors-727-375-5691,Dwight Daldrin,Owner,(727) 375-5691,,,"1418 Seven Springs Blvd, New Port Richey, FL 34655"
https://www.allbiz.com/business/gulf-liquors_14G-305-531-5551,Robert Rosen,President,(305) 531-5551,gulfliquorsmiami.com,webmaster@gmcvb.com,"1681 Alton Rd, Miami Beach, FL 33139"
https://www.allbiz.com/business/perrys-liquor-store_37,Contact Perry's Liquor Store,,,,,"9669 N Central Expy, Dallas, TX 75231, USA"
https://www.allbiz.com/business/norman%E2%80%99s-liquors-and-fine-wines-727-363-6676,Ricky Jaddanath,Vice President,(727) 363-6676,www.normansliquors.com,email@normansliquors.com,"5235 Gulf Blvd, St Pete Beach, FL 33706"
https://www.allbiz.com/business/sunset-point-liquors-727-799-0816,Niewiarowski Wolly,Owner,(727) 799-0816,www.sunsetpointliquors.com,spliquors@gmail.com,"2516 Sunset Point Rd, Clearwater, FL 33765, USA"
https://www.allbiz.com/business/snj-liquors-352-330-4410,Komal Patel,,(352) 330-4410,www.snjliquors.com,,"201 S Main St, Wildwood, FL 34785, USA"
https://www.allbiz.com/business/a-b-beverages_12-239-455-4837,Jimmy Patel,Owner,(239) 455-4837,dandb.com,,"5555 Golden Gate Pkwy, Naples, FL 34116"
https://www.allbiz.com/business/abc-fine-wine-spirits_257-727-345-6149,Lio Rotondo,Manager,(727) 345-6149,www.abcfws.com,,"2855 66th St N, St. Petersburg, FL 33710"
https://www.allbiz.com/business/fiori-bruna-pasta-products_1z-305-621-0074,Jose Yamin,Managing Member,(305) 621-0074,www.fioribruna.com,info@fioribruna.com,"5340 NW 163rd St, Hialeah, FL 33014"
https://www.allbiz.com/business/discount-tobacco-outlet-liquor-407-260-8003,Anna Islam,Principal,(407) 260-8003,,,"200 N US Hwy 17 92, Longwood, FL 32750, USA"
https://www.allbiz.com/business/regency-wine-liquor-407-654-0360,Christopher Cannon,,(407) 654-0360,www.regencyliquor.com,regencywineandliquor@gmail.com,"16100 Marsh Rd #201, Winter Garden, FL 34787, USA"
https://www.allbiz.com/business/jans-wines-boos-813-962-8863,Jeanette J. Ingram,President,(813) 962-8863,,contato@gemaconsultoria.com.br,"3921 Van Dyke Rd, Lutz, FL 33558, USA"
https://www.allbiz.com/business/sugarland-liquor-863-983-1111,Alfonso Giordano,Director,(863) 983-1111,www.sugarlandliquor.com,sugarlandliquor@gmail.com,"208 S Berner Rd, Clewiston, FL 33440, USA"
https://www.allbiz.com/business/todhunter-international-inc_8w,Contact Todhunter International Inc,,,www.todhunter.com,,"222 Lakeview Ave, West Palm Beach, FL 33401"
https://www.allbiz.com/business/river-crossing-liquors-727-376-6067,Dipak Desai,Owner,(727) 376-6067,,,"5352 Little Rd, New Port Richey, FL 34655"
https://www.allbiz.com/business/forum-liquors_1x-561-686-8111,Luce Dominick,,(561) 686-8111,www.forumliquors.com,forumliquors1996@yahoo.com,"1681 Forum Pl, West Palm Beach, FL 33401"
https://www.allbiz.com/business/northlake-liquors-561-842-1220,Alex Arzoumanzy,Principal,(561) 842-1220,drizly.com,,"601 Northlake Blvd, North Palm Beach, FL 33408, USA"
https://www.allbiz.com/business/beer-liquor-ii_12-561-721-9669,Roj Patel,President,(561) 721-9669,,,"1920 Lake Worth Rd, Lake Worth, FL 33461, USA"
https://www.allbiz.com/business/liquors-of-tarpon-727-938-4000,Denise Tschida,President,(727) 938-4000,liquorsoftarpon.com,,"604 S Pinellas Ave, Tarpon Springs, FL 34689"
https://www.allbiz.com/business/u-b-liquor_13-352-332-7070,Nilam M. Patel,Principal,(352) 332-7070,,,"14128 W Newberry Rd #30, Newberry, FL 32669, USA"
https://www.allbiz.com/business/first-stop-liquor-tobacco-863-648-1826,Dakshesh M. Patel,,(863) 648-1826,liquorlakeland.com,fsltlakeland@gmail.com,"1125 Shepherd Rd, Lakeland, FL 33811, USA"
https://www.allbiz.com/business/mandarin-liquors-904-292-9121,Jack Ossi,Owner,(904) 292-9121,,,"11250 Old St Augustine Rd, Jacksonville, FL 32257"
https://www.allbiz.com/business/new-start-thrift-shoppe,Contact New Start Thrift Shoppe,,,,,"6990 49th St N, Pinellas Park, FL 33781"
https://www.allbiz.com/business/sobe-electronics-305-532-0039,Richard Hernandez,,(305) 532-0039,www.sobeelectronics.com,sobeelectronics305@gmail.com,"1059 Collins Ave #102, Miami Beach, FL 33139, USA"
https://www.allbiz.com/business/perrine-service-center-305-378-5800,Rita Lezcano-Lavin,Manager,(305) 378-5800,,,"11241 SW 184th St, Miami, FL 33157"
https://www.allbiz.com/business/varadero-liquors-305-267-5525,Ruben B. Gonzalez,,(305) 267-5525,,,"5717 NW 7th St, Miami, FL 33126, USA"
https://www.allbiz.com/business/liquor-inc_6o-407-321-2494,Charlie Kang,Owner,(407) 321-2494,www.liquor46.com,liquor46@gmail.com,"5284 FL-46, Sanford, FL 32771, USA"
https://www.allbiz.com/business/hollywood-liquors_10T-954-965-5599,Joseph Onisseril,Principal,(954) 965-5599,www.hollywoodbeverage.com,,"4303 Hollywood Blvd, Hollywood, FL 33021, USA"
https://www.allbiz.com/business/a-r-liquors_19-407-348-8107,Anwar Dakhil,Principal,(407) 348-8107,,liquorsinc2310@hotmail.com,"2310 Fortune Rd, Kissimmee, FL 34744, USA"
https://www.allbiz.com/business/pj-liquor-904-819-0602,Jerry Ritz,Principal,(904) 819-0602,www.pjliquor.com,pjliquor@bellsouth.net,"3501 N Ponce De Leon Blvd Unit # K, St. Augustine, FL 32084"
https://www.allbiz.com/business/opici-wine-co-of-florida_3s-561-842-3113,Rose Marie Opici,President,(561) 842-3113,opicifamilydistributing.com,infoct@opici.com,"1425 Watertower Rd, Lake Park, FL 33403, USA"
https://www.allbiz.com/business/deco-liquors-inc-786-538-6529,Marco A. Pava,Principal,(786) 538-6529,,decoliquors@gmail.com,"7271 NW 36th St, Miami, FL 33166, USA"
https://www.allbiz.com/business/abc-fine-wine-spirits-352-726-4893,Pat Damuth,Branch Manager,(352) 726-4893,www.abcfws.com,,"1795 W Main St, Inverness, FL 34450, USA"
https://www.allbiz.com/business/valentine-liquor-stores-inc-305-681-2421,Shahid M. Sheikh,President,(305) 681-2421,,,"1380 Superior St, Opa-locka, FL 33054, USA"
https://www.allbiz.com/business/old-earth-pure-organic-food-727-317-0043,Brooke Sparks,,(727) 317-0043,oldearthveg.com,oldearthveg@gmail.com,"6105 54th Ave N, St. Petersburg, FL 33709"
https://www.allbiz.com/business/wymore-liquor-407-786-0001,Amin Lalani,Registered Agent,(407) 786-0001,,,"250 Wymore Rd #1010, Altamonte Springs, FL 32714"
https://www.allbiz.com/business/cap-sante-international-inc_1Q-954-616-8870,Richard Wright,Director,(954) 616-8870,www.capsanteintl.com,info@capsanteintl.com,"695 Northwest 4th Avenue, Fort Lauderdale, FL 33311"
https://www.allbiz.com/business/cottrell-welding-fabricating-305-451-1551,Cheryl Cottrell,Vice President,(305) 451-1551,bellsouth.net,ccott@bellsouth.net,"101801 Overseas Hwy, Key Largo, FL 33037, USA"
https://www.allbiz.com/business/el-gigante-liquors-305-200-4943,Raja Reddy,President,(305) 200-4943,,,"3992 W 12th Ave, Hialeah, FL 33012"
